<?xml version="1.0" encoding="UTF-8"?>
<GenRun Id="impl_1" LaunchPart="xc7z020clg400-1" LaunchTime="1614982281">
  <File Type="WBT-USG" Name="usage_statistics_webtalk.html"/>
  <File Type="BITSTR-SYSDEF" Name="project3_frame.sysdef"/>
  <File Type="BITSTR-LTX" Name="debug_nets.ltx"/>
  <File Type="BITSTR-LTX" Name="project3_frame.ltx"/>
  <File Type="BG-BGN" Name="project3_frame.bgn"/>
  <File Type="NPI_FILE" Name="project3_frame.npi"/>
  <File Type="BG-DRC" Name="project3_frame.drc"/>
  <File Type="RNPI_FILE" Name="project3_frame.rnpi"/>
  <File Type="CFI_FILE" Name="project3_frame.cfi"/>
  <File Type="RCFI_FILE" Name="project3_frame.rcfi"/>
  <File Type="PDI-FILE" Name="project3_frame.pdi"/>
  <File Type="BITSTR-MMI" Name="project3_frame.mmi"/>
  <File Type="BITSTR-BMM" Name="project3_frame_bd.bmm"/>
  <File Type="BITSTR-NKY" Name="project3_frame.nky"/>
  <File Type="BITSTR-RBT" Name="project3_frame.rbt"/>
  <File Type="BITSTR-MSK" Name="project3_frame.msk"/>
  <File Type="RBD_FILE" Name="project3_frame.rbd"/>
  <File Type="BG-BIN" Name="project3_frame.bin"/>
  <File Type="BG-BIT" Name="project3_frame.bit"/>
  <File Type="POSTROUTE-PHYSOPT-BUS-SKEW-RPX" Name="project3_frame_bus_skew_postroute_physopted.rpx"/>
  <File Type="POSTROUTE-PHYSOPT-BUS-SKEW-PB" Name="project3_frame_bus_skew_postroute_physopted.pb"/>
  <File Type="POSTROUTE-PHYSOPT-BUS-SKEW" Name="project3_frame_bus_skew_postroute_physopted.rpt"/>
  <File Type="RDI-RDI" Name="project3_frame.vdi"/>
  <File Type="POSTROUTE-PHYSOPT-TIMING-RPX" Name="project3_frame_timing_summary_postroute_physopted.rpx"/>
  <File Type="POSTROUTE-PHYSOPT-TIMING-PB" Name="project3_frame_timing_summary_postroute_physopted.pb"/>
  <File Type="POSTROUTE-PHYSOPT-TIMING" Name="project3_frame_timing_summary_postroute_physopted.rpt"/>
  <File Type="POSTROUTE-PHYSOPT-BLACKBOX-DCP" Name="project3_frame_postroute_physopt_bb.dcp"/>
  <File Type="POSTROUTE-PHYSOPT-DCP" Name="project3_frame_postroute_physopt.dcp"/>
  <File Type="ROUTE-BUS-SKEW" Name="project3_frame_bus_skew_routed.rpt"/>
  <File Type="ROUTE-CLK" Name="project3_frame_clock_utilization_routed.rpt"/>
  <File Type="ROUTE-SIMILARITY" Name="project3_frame_incremental_reuse_routed.rpt"/>
  <File Type="ROUTE-TIMING-RPX" Name="project3_frame_timing_summary_routed.rpx"/>
  <File Type="ROUTE-TIMING-PB" Name="project3_frame_timing_summary_routed.pb"/>
  <File Type="ROUTE-TIMINGSUMMARY" Name="project3_frame_timing_summary_routed.rpt"/>
  <File Type="ROUTE-STATUS-PB" Name="project3_frame_route_status.pb"/>
  <File Type="ROUTE-STATUS" Name="project3_frame_route_status.rpt"/>
  <File Type="ROUTE-PWR-RPX" Name="project3_frame_power_routed.rpx"/>
  <File Type="ROUTE-PWR-SUM" Name="project3_frame_power_summary_routed.pb"/>
  <File Type="ROUTE-PWR" Name="project3_frame_power_routed.rpt"/>
  <File Type="ROUTE-METHODOLOGY-DRC-PB" Name="project3_frame_methodology_drc_routed.pb"/>
  <File Type="ROUTE-METHODOLOGY-DRC-RPX" Name="project3_frame_methodology_drc_routed.rpx"/>
  <File Type="ROUTE-METHODOLOGY-DRC" Name="project3_frame_methodology_drc_routed.rpt"/>
  <File Type="ROUTE-DRC-RPX" Name="project3_frame_drc_routed.rpx"/>
  <File Type="ROUTE-DRC-PB" Name="project3_frame_drc_routed.pb"/>
  <File Type="ROUTE-DRC" Name="project3_frame_drc_routed.rpt"/>
  <File Type="ROUTE-BLACKBOX-DCP" Name="project3_frame_routed_bb.dcp"/>
  <File Type="ROUTE-DCP" Name="project3_frame_routed.dcp"/>
  <File Type="ROUTE-ERROR-DCP" Name="project3_frame_routed_error.dcp"/>
  <File Type="PHYSOPT-TIMING" Name="project3_frame_timing_summary_physopted.rpt"/>
  <File Type="PHYSOPT-DRC" Name="project3_frame_drc_physopted.rpt"/>
  <File Type="PHYSOPT-DCP" Name="project3_frame_physopt.dcp"/>
  <File Type="POSTPLACE-PWROPT-TIMING" Name="project3_frame_timing_summary_postplace_pwropted.rpt"/>
  <File Type="POSTPLACE-PWROPT-DCP" Name="project3_frame_postplace_pwropt.dcp"/>
  <File Type="PLACE-TIMING" Name="project3_frame_timing_summary_placed.rpt"/>
  <File Type="PLACE-PRE-SIMILARITY" Name="project3_frame_incremental_reuse_pre_placed.rpt"/>
  <File Type="PLACE-SIMILARITY" Name="project3_frame_incremental_reuse_placed.rpt"/>
  <File Type="PLACE-CTRL" Name="project3_frame_control_sets_placed.rpt"/>
  <File Type="PLACE-UTIL-PB" Name="project3_frame_utilization_placed.pb"/>
  <File Type="PLACE-UTIL" Name="project3_frame_utilization_placed.rpt"/>
  <File Type="PLACE-CLK" Name="project3_frame_clock_utilization_placed.rpt"/>
  <File Type="PLACE-IO" Name="project3_frame_io_placed.rpt"/>
  <File Type="PLACE-DCP" Name="project3_frame_placed.dcp"/>
  <File Type="PWROPT-TIMING" Name="project3_frame_timing_summary_pwropted.rpt"/>
  <File Type="PWROPT-DRC" Name="project3_frame_drc_pwropted.rpt"/>
  <File Type="PWROPT-DCP" Name="project3_frame_pwropt.dcp"/>
  <File Type="OPT-TIMING" Name="project3_frame_timing_summary_opted.rpt"/>
  <File Type="OPT-HWDEF" Name="project3_frame.hwdef"/>
  <File Type="OPT-METHODOLOGY-DRC" Name="project3_frame_methodology_drc_opted.rpt"/>
  <File Type="OPT-DRC" Name="project3_frame_drc_opted.rpt"/>
  <File Type="OPT-DCP" Name="project3_frame_opt.dcp"/>
  <File Type="INIT-TIMING" Name="project3_frame_timing_summary_init.rpt"/>
  <File Type="ROUTE-BUS-SKEW-RPX" Name="project3_frame_bus_skew_routed.rpx"/>
  <File Type="REPORTS-TCL" Name="project3_frame_reports.tcl"/>
  <File Type="ROUTE-BUS-SKEW-PB" Name="project3_frame_bus_skew_routed.pb"/>
  <File Type="PA-TCL" Name="project3_frame.tcl"/>
  <FileSet Name="sources" Type="DesignSrcs" RelSrcDir="$PSRCDIR/sources_1" RelGenDir="$PSRCDIR/sources_1">
    <Filter Type="Srcs"/>
    <File Path="$PPRDIR/../../CS_3220/3lab/assignmen3_frame/VX_define.vh">
      <FileInfo>
        <Attr Name="UsedIn" Val="synthesis"/>
        <Attr Name="UsedIn" Val="simulation"/>
      </FileInfo>
    </File>
    <File Path="$PPRDIR/../../CS_3220/3lab/assignmen3_frame/agex_stage.v">
      <FileInfo>
        <Attr Name="UsedIn" Val="synthesis"/>
        <Attr Name="UsedIn" Val="implementation"/>
        <Attr Name="UsedIn" Val="simulation"/>
      </FileInfo>
    </File>
    <File Path="$PPRDIR/../../CS_3220/3lab/assignmen3_frame/de_stage.v">
      <FileInfo>
        <Attr Name="UsedIn" Val="synthesis"/>
        <Attr Name="UsedIn" Val="implementation"/>
        <Attr Name="UsedIn" Val="simulation"/>
      </FileInfo>
    </File>
    <File Path="$PPRDIR/../../CS_3220/3lab/assignmen3_frame/fe_stage.v">
      <FileInfo>
        <Attr Name="UsedIn" Val="synthesis"/>
        <Attr Name="UsedIn" Val="implementation"/>
        <Attr Name="UsedIn" Val="simulation"/>
      </FileInfo>
    </File>
    <File Path="$PPRDIR/../../CS_3220/3lab/assignmen3_frame/mem_stage.v">
      <FileInfo>
        <Attr Name="UsedIn" Val="synthesis"/>
        <Attr Name="UsedIn" Val="implementation"/>
        <Attr Name="UsedIn" Val="simulation"/>
      </FileInfo>
    </File>
    <File Path="$PPRDIR/../../CS_3220/3lab/assignmen3_frame/wb_stage.v">
      <FileInfo>
        <Attr Name="UsedIn" Val="synthesis"/>
        <Attr Name="UsedIn" Val="implementation"/>
        <Attr Name="UsedIn" Val="simulation"/>
      </FileInfo>
    </File>
    <File Path="$PPRDIR/../../CS_3220/3lab/assignmen3_frame/project3_frame.v">
      <FileInfo>
        <Attr Name="UsedIn" Val="synthesis"/>
        <Attr Name="UsedIn" Val="implementation"/>
        <Attr Name="UsedIn" Val="simulation"/>
      </FileInfo>
    </File>
    <File Path="$PPRDIR/../../CS_3220/3lab/assignmen3_frame/tb_project3.v">
      <FileInfo>
        <Attr Name="AutoDisabled" Val="1"/>
        <Attr Name="UsedIn" Val="synthesis"/>
        <Attr Name="UsedIn" Val="implementation"/>
        <Attr Name="UsedIn" Val="simulation"/>
      </FileInfo>
    </File>
    <File Path="$PPRDIR/../../CS_3220/3lab/assignmen3_frame/SevenSeg.v">
      <FileInfo>
        <Attr Name="AutoDisabled" Val="1"/>
        <Attr Name="UsedIn" Val="synthesis"/>
        <Attr Name="UsedIn" Val="implementation"/>
        <Attr Name="UsedIn" Val="simulation"/>
      </FileInfo>
    </File>
    <File Path="$PPRDIR/../../CS_3220/3lab/assignmen3_frame/test/test1.mem">
      <FileInfo>
        <Attr Name="UsedIn" Val="synthesis"/>
        <Attr Name="UsedIn" Val="simulation"/>
      </FileInfo>
    </File>
    <File Path="$PPRDIR/../../CS_3220/3lab/assignmen3_frame/test/test4.mem">
      <FileInfo>
        <Attr Name="UsedIn" Val="synthesis"/>
        <Attr Name="UsedIn" Val="simulation"/>
      </FileInfo>
    </File>
    <File Path="$PPRDIR/../../CS_3220/3lab/assignmen3_frame/test/test3.mem">
      <FileInfo>
        <Attr Name="UsedIn" Val="synthesis"/>
        <Attr Name="UsedIn" Val="simulation"/>
      </FileInfo>
    </File>
    <File Path="$PPRDIR/../../CS_3220/3lab/assignmen3_frame/test/test.mem">
      <FileInfo>
        <Attr Name="UsedIn" Val="synthesis"/>
        <Attr Name="UsedIn" Val="simulation"/>
      </FileInfo>
    </File>
    <File Path="$PPRDIR/../../CS_3220/3lab/assignmen3_frame/test/test2.mem">
      <FileInfo>
        <Attr Name="UsedIn" Val="synthesis"/>
        <Attr Name="UsedIn" Val="simulation"/>
      </FileInfo>
    </File>
    <File Path="$PPRDIR/../../CS_3220/3lab/assignmen3_frame/test/test5.mem">
      <FileInfo>
        <Attr Name="UsedIn" Val="synthesis"/>
        <Attr Name="UsedIn" Val="simulation"/>
      </FileInfo>
    </File>
    <File Path="$PPRDIR/../../CS_3220/3lab/assignmen3_frame/test/testall.mem">
      <FileInfo>
        <Attr Name="UsedIn" Val="synthesis"/>
        <Attr Name="UsedIn" Val="simulation"/>
      </FileInfo>
    </File>
    <File Path="$PPRDIR/../../CS_3220/3lab/assignmen3_frame/test/test5.mif">
      <FileInfo>
        <Attr Name="UsedIn" Val="synthesis"/>
        <Attr Name="UsedIn" Val="simulation"/>
      </FileInfo>
    </File>
    <File Path="$PPRDIR/../../CS_3220/3lab/assignmen3_frame/test/test4.mif">
      <FileInfo>
        <Attr Name="UsedIn" Val="synthesis"/>
        <Attr Name="UsedIn" Val="simulation"/>
      </FileInfo>
    </File>
    <File Path="$PPRDIR/../../CS_3220/3lab/assignmen3_frame/test/testall.mif">
      <FileInfo>
        <Attr Name="UsedIn" Val="synthesis"/>
        <Attr Name="UsedIn" Val="simulation"/>
      </FileInfo>
    </File>
    <File Path="$PPRDIR/../../CS_3220/3lab/assignmen3_frame/test/test.mif">
      <FileInfo>
        <Attr Name="UsedIn" Val="synthesis"/>
        <Attr Name="UsedIn" Val="simulation"/>
      </FileInfo>
    </File>
    <File Path="$PPRDIR/../../CS_3220/3lab/assignmen3_frame/test/test2.mif">
      <FileInfo>
        <Attr Name="UsedIn" Val="synthesis"/>
        <Attr Name="UsedIn" Val="simulation"/>
      </FileInfo>
    </File>
    <File Path="$PPRDIR/../../CS_3220/3lab/assignmen3_frame/test/test1.mif">
      <FileInfo>
        <Attr Name="UsedIn" Val="synthesis"/>
        <Attr Name="UsedIn" Val="simulation"/>
      </FileInfo>
    </File>
    <File Path="$PPRDIR/../../CS_3220/3lab/assignmen3_frame/test/test3.mif">
      <FileInfo>
        <Attr Name="UsedIn" Val="synthesis"/>
        <Attr Name="UsedIn" Val="simulation"/>
      </FileInfo>
    </File>
    <Config>
      <Option Name="DesignMode" Val="RTL"/>
      <Option Name="TopModule" Val="project3_frame"/>
    </Config>
  </FileSet>
  <FileSet Name="constrs_in" Type="Constrs" RelSrcDir="$PSRCDIR/constrs_1">
    <Filter Type="Constrs"/>
    <File Path="$PPRDIR/../../CS_3220/3lab/assignmen3_frame/test/time.xdc">
      <FileInfo>
        <Attr Name="UsedIn" Val="synthesis"/>
        <Attr Name="UsedIn" Val="implementation"/>
      </FileInfo>
    </File>
    <Config>
      <Option Name="ConstrsType" Val="XDC"/>
    </Config>
  </FileSet>
  <FileSet Name="utils" Type="Utils" RelSrcDir="$PSRCDIR/utils_1">
    <Filter Type="Utils"/>
    <Config>
      <Option Name="TopAutoSet" Val="TRUE"/>
    </Config>
  </FileSet>
  <Strategy Version="1" Minor="2">
    <StratHandle Name="Vivado Implementation Defaults" Flow="Vivado Implementation 2019"/>
    <Step Id="init_design"/>
    <Step Id="opt_design"/>
    <Step Id="power_opt_design"/>
    <Step Id="place_design"/>
    <Step Id="post_place_power_opt_design"/>
    <Step Id="phys_opt_design" EnableStepBool="1"/>
    <Step Id="route_design"/>
    <Step Id="post_route_phys_opt_design"/>
    <Step Id="write_bitstream"/>
  </Strategy>
  <BlockFileSet Type="BlockSrcs" Name="clk_wiz_0"/>
</GenRun>
