<?xml version="1.0" encoding="UTF-8"?>
<GenRun Id="synth_1" LaunchPart="xc7z020clg400-1" LaunchTime="1613078150">
  <File Type="VDS-TIMING-PB" Name="test_timing_summary_synth.pb"/>
  <File Type="VDS-TIMINGSUMMARY" Name="test_timing_summary_synth.rpt"/>
  <File Type="RDS-DCP" Name="test.dcp"/>
  <File Type="PA-TCL" Name="test.tcl"/>
  <File Type="REPORTS-TCL" Name="test_reports.tcl"/>
  <File Type="RDS-RDS" Name="test.vds"/>
  <File Type="RDS-PROPCONSTRS" Name="test_drc_synth.rpt"/>
  <File Type="RDS-UTIL" Name="test_utilization_synth.rpt"/>
  <File Type="RDS-UTIL-PB" Name="test_utilization_synth.pb"/>
  <FileSet Name="sources" Type="DesignSrcs" RelSrcDir="$PSRCDIR/sources_1">
    <Filter Type="Srcs"/>
    <File Path="$PPRDIR/../../../CS_3220/gt-cs3220-spr21.github.io/assignment2_files/bubblesort.v">
      <FileInfo>
        <Attr Name="UsedIn" Val="synthesis"/>
        <Attr Name="UsedIn" Val="implementation"/>
        <Attr Name="UsedIn" Val="simulation"/>
      </FileInfo>
    </File>
    <File Path="$PPRDIR/../../../CS_3220/gt-cs3220-spr21.github.io/assignment2_files/test.v">
      <FileInfo>
        <Attr Name="UsedIn" Val="synthesis"/>
        <Attr Name="UsedIn" Val="implementation"/>
        <Attr Name="UsedIn" Val="simulation"/>
      </FileInfo>
    </File>
    <File Path="$PPRDIR/../../../CS_3220/gt-cs3220-spr21.github.io/assignment2_files/ex1.mem">
      <FileInfo>
        <Attr Name="UsedIn" Val="synthesis"/>
        <Attr Name="UsedIn" Val="simulation"/>
      </FileInfo>
    </File>
    <Config>
      <Option Name="DesignMode" Val="RTL"/>
      <Option Name="TopModule" Val="test"/>
      <Option Name="TopAutoSet" Val="TRUE"/>
    </Config>
  </FileSet>
  <FileSet Name="constrs_in" Type="Constrs" RelSrcDir="$PSRCDIR/constrs_1">
    <Filter Type="Constrs"/>
    <File Path="$PPRDIR/../../../CS_3220/gt-cs3220-spr21.github.io/assignment2_files/time.xdc">
      <FileInfo>
        <Attr Name="UsedIn" Val="synthesis"/>
        <Attr Name="UsedIn" Val="implementation"/>
      </FileInfo>
    </File>
    <File Path="$PPRDIR/../../../CS_3220/boards/pynq-z2_v1.0.xdc/PYNQ-Z2 v1.0.xdc">
      <FileInfo>
        <Attr Name="UsedIn" Val="synthesis"/>
        <Attr Name="UsedIn" Val="implementation"/>
      </FileInfo>
    </File>
    <Config>
      <Option Name="ConstrsType" Val="XDC"/>
    </Config>
  </FileSet>
  <FileSet Name="utils" Type="Utils" RelSrcDir="$PSRCDIR/utils_1">
    <Filter Type="Utils"/>
    <Config>
      <Option Name="TopAutoSet" Val="TRUE"/>
    </Config>
  </FileSet>
  <Strategy Version="1" Minor="2">
    <StratHandle Name="Vivado Synthesis Defaults" Flow="Vivado Synthesis 2019"/>
    <Step Id="synth_design"/>
  </Strategy>
</GenRun>
